{
    "stat": {
        "nQuads": 1057,
        "cpu_cycles_end": 4137276220794255,
        "ru_self_cgstart": {
            "ru_utime_sec": 0.088239999999999999,
            "ru_stime_sec": 0.034965999999999997,
            "ru_minflt": 7981,
            "ru_maxrss_kb": 120012,
            "ru_majflt": 0,
            "ru_nivcsw": 11,
            "ru_nvcsw": 298
        },
        "outputSizePerQuad": 96.463576158940398,
        "ru_childs_end": {
            "ru_utime_sec": 0.019507,
            "ru_stime_sec": 0.020830000000000001,
            "ru_minflt": 3977,
            "ru_maxrss_kb": 120012,
            "ru_majflt": 0,
            "ru_nivcsw": 1,
            "ru_nvcsw": 24
        },
        "ru_childs_cgstart": {
            "ru_utime_sec": 0.01728,
            "ru_stime_sec": 0.017493999999999999,
            "ru_minflt": 3751,
            "ru_maxrss_kb": 120012,
            "ru_majflt": 0,
            "ru_nivcsw": 1,
            "ru_nvcsw": 19
        },
        "nMops": 3095,
        "cpu_cycles_cgstart": 4137275972663891,
        "quadSpeed": 34419.876909049446,
        "totalObjSize": 101962,
        "ru_self_end": {
            "ru_utime_sec": 0.11672200000000001,
            "ru_stime_sec": 0.04428,
            "ru_minflt": 9782,
            "ru_maxrss_kb": 130556,
            "ru_majflt": 0,
            "ru_nivcsw": 15,
            "ru_nvcsw": 402
        },
        "Frontend(%)": 77.457810011084263,
        "mop/quad": 2.9280983916745504,
        "cpu_cycles_total": 963925904,
        "mopSpeed": 100784.78621902369,
        "CodeGen(%)": 22.54218998891573,
        "peak_mem_kb": 330416,
        "realTime": 0.50031495094299316
    },
    "cycles_program_begin": 4137275256868351,
    "CompileStatus": "Successful",
    "CurCompileUdps": {},
    "MlibObjs": {},
    "rlimit": {
        "data": -1,
        "stack": -1
    },
    "perf": [
        {
            "sub": [
                {
                    "sub": [],
                    "stat": [
                        "doParsingAndDesignResolution",
                        "entry",
                        0.10672783851623535,
                        0.050083000000000003,
                        0.017346,
                        314196,
                        314864,
                        0.0,
                        0.0,
                        1757702758.2847719,
                        4137275435054021
                    ]
                },
                {
                    "sub": [],
                    "stat": [
                        "doParsingAndDesignResolution",
                        "exit",
                        0.12114191055297852,
                        0.055407999999999999,
                        0.020083,
                        314544,
                        315192,
                        0.0,
                        0.0,
                        1757702758.299186,
                        4137275463865875
                    ]
                },
                {
                    "sub": [
                        {
                            "sub": [],
                            "stat": [
                                "doUptoVir2VcsNoSepCleanup",
                                "entry",
                                0.17180180549621582,
                                0.060301,
                                0.023574000000000001,
                                316176,
                                320276,
                                0.0,
                                0.0,
                                1757702758.3498459,
                                4137275564976001
                            ]
                        },
                        {
                            "sub": [],
                            "stat": [
                                "doUptoVir2VcsNoSepCleanup",
                                "exit",
                                0.30069780349731445,
                                0.080939999999999998,
                                0.032773999999999998,
                                330040,
                                330040,
                                0.0,
                                0.0,
                                1757702758.4787419,
                                4137275822376765
                            ]
                        },
                        {
                            "sub": [],
                            "stat": [
                                "doRadify_vir2vcsAll",
                                "entry",
                                0.30077481269836426,
                                0.080995999999999999,
                                0.032797,
                                330040,
                                330040,
                                0.0,
                                0.0,
                                1757702758.4788189,
                                4137275822465953
                            ]
                        },
                        {
                            "sub": [],
                            "stat": [
                                "doRadify_vir2vcsAll",
                                "exit",
                                0.31598496437072754,
                                0.086425000000000002,
                                0.034053,
                                330040,
                                330040,
                                0.0,
                                0.0,
                                1757702758.494029,
                                4137275852910461
                            ]
                        }
                    ],
                    "stat": [
                        "doPostDesignResolutionToVir2Vcs",
                        "entry",
                        0.12779498100280762,
                        0.055407999999999999,
                        0.021243999999999999,
                        314700,
                        315192,
                        0.0,
                        0.0,
                        1757702758.3058391,
                        4137275477110113
                    ]
                },
                {
                    "sub": [],
                    "stat": [
                        "doPostDesignResolutionToVir2Vcs",
                        "exit",
                        0.31605291366577148,
                        0.086474999999999996,
                        0.034071999999999998,
                        330040,
                        330040,
                        0.0,
                        0.0,
                        1757702758.494097,
                        4137275852970849
                    ]
                },
                {
                    "sub": [
                        {
                            "sub": [],
                            "stat": [
                                "DoPass2",
                                "entry",
                                0.37592601776123047,
                                0.088180999999999995,
                                0.034943000000000002,
                                328484,
                                330040,
                                0.01728,
                                0.017493999999999999,
                                1757702758.5539701,
                                4137275972580593
                            ]
                        },
                        {
                            "sub": [],