{
    "ObjArchives": [
        {
            "archive": "archive.35/_448702_archive_1.a",
            "objects": [
                [
                    "amcQwB.o",
                    101962
                ]
            ],
            "size": 101962
        }
    ],
    "reusePaths": {
        "x97AA_d": {
            "icPath": "csrc"
        },
        "amcQw_d": {
            "icPath": "csrc"
        },
        "reYIK_d": {
            "icPath": "csrc"
        },
        "zyzfg_d": {
            "icPath": "csrc"
        }
    },
    "Modules": {
        "...MASTER...": {
            "start_perf": [
                0.34738707542419434,
                0.096907999999999994,
                0.041202000000000003,
                328484,
                330040,
                1757702843.2743571,
                4137445140189523
            ],
            "child_modules": {
                "decoder_4_to_16_tb": 1,
                "d_flip_flop": 1,
                "std": 1
            },
            "end_perf": [
                0.386077880859375,
                0.098050999999999999,
                0.043201999999999997,
                328484,
                330040,
                4137445217496955,
                0,
                0
            ],
            "nQuads": 0,
            "nRouts": 5,
            "nMops": 0
        },
        "std": {
            "start_perf": [
                0.38621807098388672,
                0.098149,
                0.043244999999999999,
                328484,
                330040,
                1757702843.3131881,
                4137445217724245
            ],
            "svclass": [
                "$vcs_nba_dyn_obj",
                0,
                35,
                2,
                2,
                0,
                0,
                "sigprop$$",
                0,
                35,
                2,
                2,
                0,
                0,
                "process",
                0,
                200,
                8,
                8,
                0,
                0,
                "event",
                0,
                34,
                2,
                2,
                0,
                0,
                "mailbox",
                0,
                140,
                9,
                9,
                0,
                0,
                "semaphore",
                0,
                84,
                5,
                5,
                0,
                0
            ],
            "child_modules": {},
            "nQuads": 218,
            "Compiled": "Yes",
            "Compiled Times": 36,
            "end_perf": [
                0.43759894371032715,
                0.102659,
                0.044616000000000003,
                328484,
                330040,
                4137445320380633,
                0,
                0
            ],
            "num_classes": 6,
            "nMops": 528,
            "nRouts": 33
        },
        "d_flip_flop": {
            "start_perf": [
                0.45878100395202637,
                0.121508,
                0.046822999999999997,
                328484,
                330040,
                1757702843.385751,
                4137445362590973
            ],
            "child_modules": {},
            "nQuads": 81,
            "Compiled": "Yes",
            "Compiled Times": 36,
            "end_perf": [
                0.46480202674865723,
                0.122821,
                0.046960000000000002,
                328484,
                330040,
                4137445374650229,
                -587386752456144383,
                0
            ],
            "nRouts": 14,
            "nMops": 196
        },
        "decoder_4_to_16_tb": {
            "start_perf": [
                0.43769001960754395,
                0.10272299999999999,
                0.044643000000000002,
                328484,
                330040,
                1757702843.36466,
                4137445320505433
            ],
            "child_modules": {},
            "nQuads": 758,
            "Compiled": "Yes",
            "Compiled Times": 5,
            "end_perf": [
                0.45875096321105957,
                0.121486,
                0.046815000000000002,
                328484,
                330040,
                4137445362554931,
                2388961399721074,
                0
            ],
            "nRouts": 60,
            "nMops": 2371
        }
    },
    "CompUnits": {},
    "stat": {
        "ru_self_end": {
            "ru_majflt": 0,
            "ru_minflt": 9820,
            "ru_utime_sec": 0.12786,
            "ru_maxrss_kb": 130440,
            "ru_stime_sec": 0.048377999999999997,
            "ru_nvcsw": 399,
            "ru_nivcsw": 9
        },
        "cpu_cycles_end": 4137445432489817,
        "ru_childs_end": {
            "ru_majflt": 0,
            "ru_minflt": 3977,
            "ru_utime_sec": 0.015455,
            "ru_maxrss_kb": 120012,
            "ru_stime_sec": 0.021344999999999999,
            "ru_nvcsw": 26,
            "ru_nivcsw": 4
        },
        "peak_mem_kb": 330416
    }
}