{
    "Modules": {
        "...MASTER...": {
            "start_perf": [
                0.27035784721374512,
                0.069914000000000004,
                0.050729000000000003,
                328384,
                329940,
                1757216797.2040999,
                3871738136754153
            ],
            "child_modules": {
                "d_flip_flop": 1,
                "std": 1,
                "decoder_4_to_16_tb": 1
            },
            "nMops": 0,
            "end_perf": [
                0.32781100273132324,
                0.071323999999999999,
                0.054686999999999999,
                329364,
                329940,
                3871738294810788,
                0,
                0
            ],
            "nQuads": 0,
            "nRouts": 5
        },
        "std": {
            "start_perf": [
                0.32795906066894531,
                0.071407999999999999,
                0.054752000000000002,
                329364,
                329940,
                1757216797.2617011,
                3871738295160808
            ],
            "num_classes": 6,
            "child_modules": {},
            "Compiled": "Yes",
            "svclass": [
                "$vcs_nba_dyn_obj",
                576,
                35,
                2,
                2,
                0,
                0,
                "sigprop$$",
                576,
                35,
                2,
                2,
                0,
                0,
                "process",
                2388,
                200,
                8,
                8,
                0,
                0,
                "event",
                597,
                34,
                2,
                2,
                0,
                0,
                "mailbox",
                1769,
                140,
                9,
                9,
                0,
                0,
                "semaphore",
                1119,
                83,
                5,
                5,
                0,
                0
            ],
            "Compiled Times": 16,
            "significant_routs": [
                [
                    1,
                    "T_VCSgd_reYIK_1_0",
                    3636793,
                    138,
                    12
                ],
                [
                    2,
                    "T_VCSgd_reYIK_2_0",
                    3958350,
                    138,
                    12
                ],
                [
                    24,
                    "F_VCSgd_reYIK_24_0",
                    4181100,
                    992,
                    90
                ]
            ],
            "nMops": 746,
            "end_perf": [
                0.36574697494506836,
                0.082849000000000006,
                0.057872,
                330332,
                330332,
                3871738399168833,
                0,
                0
            ],
            "nQuads": 315,
            "nRouts": 33
        },
        "decoder_4_to_16_tb": {
            "start_perf": [
                0.36584806442260742,
                0.082908999999999997,
                0.057914,
                330332,
                330332,
                1757216797.2995901,
                3871738399358693
            ],
            "child_modules": {},
            "Compiled": "Yes",
            "Compiled Times": 1,
            "nMops": 2371,
            "end_perf": [
                0.38500785827636719,
                0.10032199999999999,
                0.059166999999999997,
                330332,
                330332,
                3871738452012393,
                2388961399721074,
                0
            ],
            "nQuads": 758,
            "nRouts": 60
        },
        "d_flip_flop": {
            "start_perf": [
                0.3850400447845459,
                0.100343,
                0.059179000000000002,
                330332,
                330332,
                1757216797.3187821,
                3871738452068218
            ],
            "child_modules": {},
            "Compiled": "Yes",
            "Compiled Times": 16,
            "nMops": 260,
            "end_perf": [
                0.39019083976745605,
                0.101942,
                0.059942000000000002,
                330332,
                330332,
                3871738466255055,
                -587386752456144383,
                0
            ],
            "nQuads": 111,
            "nRouts": 14
        }
    },
    "ObjArchives": [
        {
            "archive": "archive.15/_1199359_archive_1.a",
            "objects": [
                [
                    "reYIK_d.o",
                    38800
                ],
                [
                    "x97AA_d.o",
                    42364
                ],
                [
                    "zyzfg_d.o",
                    9504
                ],
                [
                    "amcQwB.o",
                    102930
                ]
            ],
            "size": 193598
        }
    ],
    "CompUnits": {
        "amcQw_d": {
            "mode": 4,
            "out": "objs/amcQw_d.o",
            "mod": "...MASTER...",
            "bytes": 8046,
            "checksum": 0,
            "text": 474
        },
        "reYIK_d": {
            "mode": 4,
            "out": "reYIK_d.o",
            "mod": "std",
            "cls": 7025,
            "bytes": 38800,
            "checksum": 0,
            "text": 7345,
            "archive": "archive.15/_1199359_archive_1.a"
        },
        "x97AA_d": {
            "mode": 4,
            "out": "x97AA_d.o",
            "mod": "decoder_4_to_16_tb",
            "bytes": 42364,
            "checksum": 0,
            "text": 18025,
            "archive": "archive.15/_1199359_archive_1.a"
        },
        "zyzfg_d": {
            "mode": 4,
            "out": "zyzfg_d.o",
            "mod": "d_flip_flop",
            "bytes": 9504,
            "checksum": 0,
            "text": 1836,
            "archive": "archive.15/_1199359_archive_1.a"
        }
    },
    "reusePaths": {},
    "stat": {
        "ru_self_end": {
            "ru_maxrss_kb": 131916,
            "ru_stime_sec": 0.061939000000000001,
            "ru_utime_sec": 0.102936,
            "ru_minflt": 10120,
            "ru_majflt": 0,
            "ru_nvcsw": 409,
            "ru_nivcsw": 52
        },
        "ru_childs_end": {
            "ru_maxrss_kb": 120836,
            "ru_stime_sec": 0.037601999999999997,
            "ru_utime_sec": 0.019047999999999999,
            "ru_minflt": 4195,
            "ru_majflt": 0,
            "ru_nvcsw": 33,
            "ru_nivcsw": 18
        },
        "cpu_cycles_end": 3871738502705013,
        "peak_mem_kb": 330332
    }
}